{"frozen_transfer": [[0.35826267309217347, 0.49759043494174343, 0.5687793570426402, 0.6045873238577442, 0.6399072774964925, 0.6725431586652839, 0.6952357713658269, 0.7110961995973891, 0.7245165619471726, 0.7343988287683767, 0.7441590922954919, 0.7547123772341853, 0.7603245287622766, 0.7669127066430793, 0.7714878301714146, 0.7788080278167511, 0.7843591776977978, 0.787104251814799, 0.7919843835783567, 0.7960104922832917], [0.3707070090892454, 0.4515951930702129, 0.5140608796437504, 0.5617641676325261, 0.6042823156225218, 0.6395412676142256, 0.6680290367839932, 0.689806624778869, 0.7097541633624108, 0.7218324894772159, 0.7388519490026231, 0.7489172207649607, 0.7570914414689197, 0.7646556457024339, 0.7713048252302812, 0.7759409504056609, 0.7822851216982859, 0.7869212468736656, 0.7927164033428903, 0.7948514609894467], [0.32239370463002504, 0.4631855060086622, 0.5523089123406332, 0.603916305740255, 0.63441712926249, 0.6524736167876533, 0.6745562130177515, 0.6947477581894711, 0.7089001403037882, 0.7220154944183493, 0.7354358567681327, 0.7468431647654487, 0.7574574513511865, 0.7640456292319893, 0.7740498993472824, 0.7806380772280852, 0.7872262551088879, 0.7919233819313122, 0.7953394741658025, 0.7986945647532483]], "frozen_regrowth": [[0.3427072530958336, 0.46495455377295186, 0.5443176965778076, 0.580552674922223, 0.6087354358567681, 0.6304520222045995, 0.6518636003172086, 0.678521320075642, 0.7004819130116513, 0.7160983346550357, 0.7378759226499115, 0.7539803574696516, 0.7649606539376563, 0.7736838894650155, 0.0937595315073507, 0.0937595315073507, 0.0937595315073507, 0.11004697126822424, 0.11004697126822424, 0.11004697126822424], [0.32928689074605016, 0.4936253278838529, 0.5476727871652535, 0.5892149088025377, 0.6188617092661501, 0.655035685963521, 0.6880985786616238, 0.711462209479656, 0.7279936558287073, 0.7395229671201122, 0.7575794546452754, 0.7745379125236381, 0.7852132007564204, 0.7918623802842677, 0.016897456231318244, 0.11004697126822424, 0.11004697126822424, 0.11004697126822424, 0.11004697126822424, 0.11004697126822424], [0.3655828707375099, 0.49490636247178676, 0.5552979930458123, 0.5867748429207589, 0.6177636796193497, 0.6518636003172086, 0.674373208076618, 0.6944427499542488, 0.709144146891966, 0.7212224730067712, 0.741048008296224, 0.7526993228817178, 0.7599585188800098, 0.7687427560544134, 0.06819984139571768, 0.11004697126822424, 0.11004697126822424, 0.11004697126822424, 0.11004697126822424, 0.11004697126822424]], "unfrozen_transfer": [[0.3768681754407369, 0.5068016836454584, 0.5638992252790825, 0.6080034160922345, 0.6432013664368939, 0.6677240285487708, 0.6899896297200024, 0.7111572012444336, 0.7237235405355945, 0.7417800280607576, 0.7523943146464954, 0.7649606539376563, 0.7732568779357043, 0.7802720673458183, 0.7910693588726896, 0.7971085219300921, 0.8021106569877386, 0.8041237113402062, 0.8099798694564754, 0.8141279814554992], [0.42048435307753307, 0.5148539010553285, 0.5747575184529983, 0.6020252546818764, 0.6369791984383578, 0.6718111389007503, 0.6996278899530287, 0.7211004697126823, 0.7362288781797108, 0.7477581894711157, 0.761544561703166, 0.77087781370097, 0.7802720673458183, 0.787104251814799, 0.7949734642835357, 0.7998535960470933, 0.802415665222961, 0.8090038431037638, 0.8121759287500763, 0.8149820045141218], [0.407368998962972, 0.4869761483560056, 0.563960226926127, 0.622338803147685, 0.6719331421948392, 0.6987738668944061, 0.7228695174769719, 0.7383639358262674, 0.753248337705118, 0.7659366802903679, 0.7774049899347283, 0.7843591776977978, 0.7898493259318001, 0.7932654181662905, 0.7997315927530043, 0.8022936619288721, 0.8077228085158299, 0.814737997925944, 0.8161410358079668, 0.8196181296895017]], "fc_baseline": [[0.14823400231806258, 0.20405050936375282, 0.35746965168059536, 0.4673336180076862, 0.531141340816202, 0.5730494723357531, 0.6129445495028366, 0.6453364240834503, 0.6653449643140364, 0.6834624534862441, 0.7003599097175623, 0.711462209479656, 0.7279326541816629, 0.7364728847678887, 0.7431830659427805, 0.7536143475873849, 0.7597755139388763, 0.7688037577014579, 0.7747209174647716, 0.7766729701701945], [0.25516988958701886, 0.34642835356554624, 0.4264625144878912, 0.5252241810528884, 0.5582260721039468, 0.5842127737448911, 0.598853169035564, 0.6185567010309279, 0.6431403647898494, 0.661135850667968, 0.6830354419569329, 0.6987738668944061, 0.709388153480144, 0.7176843774781919, 0.7274446410053071, 0.7355578600622217, 0.7426950527664247, 0.7523943146464954, 0.7589214908802537, 0.767644726407613], [0.14884401878850728, 0.2731043738180931, 0.40187885072896967, 0.5257121942292442, 0.5553589946928567, 0.5806136765692673, 0.6005612151528091, 0.6211187702067956, 0.6369181967913133, 0.6503995607881413, 0.6677240285487708, 0.6837674617214665, 0.6957847861892271, 0.7141462819496126, 0.7250655767705728, 0.7325077777099982, 0.7415360214725798, 0.7497102421765388, 0.7564814249984749, 0.7670347099371683]], "random_frozen": [[0.09809064844750809, 0.1414628194961264, 0.16019032513877876, 0.1573842493747331, 0.15561520161044348, 0.15561520161044348, 0.1573842493747331, 0.2851826999328982, 0.27218934911242604, 0.27621545781736107, 0.2756054413469164, 0.279448545110718, 0.2845726834624535, 0.3023851643994388, 0.32410175074727016, 0.3435612761544562, 0.3584456780333069, 0.37143902885377905, 0.3860794241444519, 0.4000488013176356], [0.14707497102421765, 0.14823400231806258, 0.14823400231806258, 0.14823400231806258, 0.14823400231806258, 0.14823400231806258, 0.14823400231806258, 0.14823400231806258, 0.14823400231806258, 0.14835600561215154, 0.15213810772890868, 0.16696150796071493, 0.1872750564265235, 0.204721527481242, 0.21753187336058075, 0.22753614347587384, 0.2321722686512536, 0.23632038065027755, 0.2393094613554566, 0.24272555358994694], [0.05551149881046788, 0.13029951808698834, 0.1379857256145916, 0.16098334655035687, 0.16446044043189167, 0.1680595376075154, 0.16915756725431585, 0.17147562984200573, 0.1730006710181175, 0.17440370890014031, 0.17507472701762947, 0.2213139754773379, 0.27133532605380345, 0.24242054535472457, 0.24534862441285915, 0.2640761300555115, 0.2756054413469164, 0.28323064722747515, 0.2857927164033429, 0.28774476910876595]], "random_frozen_regrowth": [[0.14823400231806258, 0.14823400231806258, 0.14823400231806258, 0.14823400231806258, 0.14823400231806258, 0.14823400231806258, 0.14823400231806258, 0.14829500396510706, 0.14914902702372965, 0.15122308302324164, 0.15463917525773196, 0.1567742329042884, 0.16098334655035687, 0.16940157384249374, 0.14823400231806258, 0.14823400231806258, 0.14823400231806258, 0.14823400231806258, 0.14823400231806258, 0.14823400231806258], [0.14823400231806258, 0.14847800890624047, 0.14933203196486305, 0.14823400231806258, 0.14823400231806258, 0.14823400231806258, 0.14823400231806258, 0.14823400231806258, 0.14823400231806258, 0.14823400231806258, 0.14823400231806258, 0.14823400231806258, 0.14823400231806258, 0.1492100286707741, 0.11004697126822424, 0.11004697126822424, 0.11004697126822424, 0.11004697126822424, 0.11004697126822424, 0.11004697126822424], [0.06826084304276216, 0.06819984139571768, 0.06819984139571768, 0.08692734703837003, 0.10687488562191179, 0.12901848349905448, 0.16147135972671262, 0.17977185384005367, 0.1893491124260355, 0.2604160312328433, 0.24894772158848288, 0.24150552064905753, 0.23851643994387847, 0.23772341853230036, 0.14823400231806258, 0.14823400231806258, 0.14823400231806258, 0.14823400231806258, 0.14823400231806258, 0.14823400231806258]]}